{
    "best": {
        "loss": -4.396176815032959,
        "epoch": 9.0
    },
    "last": {
        "loss": -3.8099517822265625,
        "epoch": 10.0
    }
}