{
    "best": {
        "loss": -3.1505892276763916,
        "epoch": 1.0
    },
    "last": {
        "loss": -3.1505892276763916,
        "epoch": 1.0
    }
}